-- phpMyAdmin SQL Dump
-- version 4.7.0
-- https://www.phpmyadmin.net/
--
-- Host: 127.0.0.1
-- Generation Time: Aug 26, 2018 at 01:09 PM
-- Server version: 10.1.26-MariaDB
-- PHP Version: 7.1.8

SET SQL_MODE = "NO_AUTO_VALUE_ON_ZERO";
SET AUTOCOMMIT = 0;
START TRANSACTION;
SET time_zone = "+00:00";


/*!40101 SET @OLD_CHARACTER_SET_CLIENT=@@CHARACTER_SET_CLIENT */;
/*!40101 SET @OLD_CHARACTER_SET_RESULTS=@@CHARACTER_SET_RESULTS */;
/*!40101 SET @OLD_COLLATION_CONNECTION=@@COLLATION_CONNECTION */;
/*!40101 SET NAMES utf8mb4 */;

--
-- Database: `iktl`
--

-- --------------------------------------------------------

--
-- Table structure for table `admin_area`
--

CREATE TABLE `admin_area` (
  `id_prov` bigint(20) NOT NULL,
  `prov` text NOT NULL,
  `area_ha` float NOT NULL,
  `tahun` text NOT NULL
) ENGINE=InnoDB DEFAULT CHARSET=latin1;

--
-- Dumping data for table `admin_area`
--

INSERT INTO `admin_area` (`id_prov`, `prov`, `area_ha`, `tahun`) VALUES
(11, 'Aceh', 6038470, '2017'),
(12, 'Sumatera Utara', 7427650, '2017'),
(13, 'Sumatera Barat', 4358560, '2017'),
(14, 'Riau', 9219980, '2017'),
(15, 'Jambi', 4997580, '2017'),
(16, 'Sumatera Selatan', 8819370, '2017'),
(17, 'Bengkulu', 2026260, '2017'),
(18, 'Lampung', 3383020, '2017'),
(19, 'Bangka Belitung', 1685110, '2017'),
(21, 'Kepulauan Riau', 835936, '2017'),
(31, 'Jakarta Raya', 65646.5, '2017'),
(32, 'Jawa Barat', 3716290, '2017'),
(33, 'Jawa Tengah', 3442280, '2017'),
(34, 'Yogyakarta', 317465, '2017'),
(35, 'Jawa Timur', 4801480, '2017'),
(36, 'Banten', 941305, '2017'),
(51, 'Bali', 561505, '2017'),
(52, 'Nusa Tenggara Barat', 1991110, '2017'),
(53, 'Nusa Tenggara Timur', 4824230, '2017'),
(61, 'Kalimantan Barat', 14683100, '2017'),
(62, 'Kalimantan Tengah', 15392800, '2017'),
(63, 'Kalimantan Selatan', 3757190, '2017'),
(64, 'Kalimantan Timur', 12694900, '2017'),
(65, 'Kalimantan Utara', 7057590, '2017'),
(71, 'Sulawesi Utara', 1534310, '2017'),
(72, 'Sulawesi Tengah', 6312120, '2017'),
(73, 'Sulawesi Selatan', 4662730, '2017'),
(74, 'Sulawesi Tenggara', 3800960, '2017'),
(75, 'Gorontalo', 1252430, '2017'),
(76, 'Sulawesi Barat', 1691630, '2017'),
(81, 'Maluku', 5184050, '2017'),
(82, 'Maluku Utara', 3429510, '2017'),
(91, 'Papua Barat', 11448300, '2017'),
(94, 'Papua', 40023600, '2017');

-- --------------------------------------------------------

--
-- Table structure for table `ci_sessions`
--

CREATE TABLE `ci_sessions` (
  `id` varchar(128) NOT NULL,
  `ip_address` varchar(45) NOT NULL,
  `timestamp` int(10) UNSIGNED NOT NULL DEFAULT '0',
  `data` blob NOT NULL
) ENGINE=InnoDB DEFAULT CHARSET=latin1;

--
-- Dumping data for table `ci_sessions`
--

INSERT INTO `ci_sessions` (`id`, `ip_address`, `timestamp`, `data`) VALUES
('kf9e8skuq89t36nmt9v473bdlrkcicmv', '::1', 1534693082, 0x5f5f63695f6c6173745f726567656e65726174657c693a313533343639323833323b7573657269647c733a313a2231223b75736572736c75677c733a353a2261646d696e223b6e6f6d657c733a31313a2261646d696e2061646d696e223b656d61696c7c733a303a22223b70726f76696e73697c733a313a2230223b6b616275706174656e7c733a313a2230223b6176617461727c4e3b6c6576656c7c733a313a2231223b6c6f676765645f696e7c623a313b),
('hh884hgt9ja2hvrbdcc6nc9mq008kjiq', '::1', 1534696588, 0x5f5f63695f6c6173745f726567656e65726174657c693a313533343639363538373b),
('u30iuih5gg3nlgt9nvitg93mvnv47vt7', '192.168.1.6', 1534775250, 0x5f5f63695f6c6173745f726567656e65726174657c693a313533343737343933393b7573657269647c733a313a2231223b75736572736c75677c733a353a2261646d696e223b6e6f6d657c733a31313a2261646d696e2061646d696e223b656d61696c7c733a303a22223b70726f76696e73697c733a313a2230223b6b616275706174656e7c733a313a2230223b6176617461727c4e3b6c6576656c7c733a313a2231223b6c6f676765645f696e7c623a313b),
('di2ka0hsefg6f07odnla82vk2hl9l3or', '192.168.1.6', 1534775443, 0x5f5f63695f6c6173745f726567656e65726174657c693a313533343737353235303b7573657269647c733a313a2231223b75736572736c75677c733a353a2261646d696e223b6e6f6d657c733a31313a2261646d696e2061646d696e223b656d61696c7c733a303a22223b70726f76696e73697c733a313a2230223b6b616275706174656e7c733a313a2230223b6176617461727c4e3b6c6576656c7c733a313a2231223b6c6f676765645f696e7c623a313b),
('a0sqk55njjh30dbc88kkqde5jf3tjfin', '192.168.1.6', 1534775655, 0x5f5f63695f6c6173745f726567656e65726174657c693a313533343737353633363b7573657269647c733a313a2231223b75736572736c75677c733a353a2261646d696e223b6e6f6d657c733a31313a2261646d696e2061646d696e223b656d61696c7c733a303a22223b70726f76696e73697c733a313a2230223b6b616275706174656e7c733a313a2230223b6176617461727c4e3b6c6576656c7c733a313a2231223b6c6f676765645f696e7c623a313b),
('12a1qoj1g5p4pu5as0g9ota55jkphm81', '192.168.1.6', 1534778077, 0x5f5f63695f6c6173745f726567656e65726174657c693a313533343737383035393b7573657269647c733a313a2231223b75736572736c75677c733a353a2261646d696e223b6e6f6d657c733a31313a2261646d696e2061646d696e223b656d61696c7c733a303a22223b70726f76696e73697c733a313a2230223b6b616275706174656e7c733a313a2230223b6176617461727c4e3b6c6576656c7c733a313a2231223b6c6f676765645f696e7c623a313b),
('cnid559ghb98bv5f688cq8epn50m6mms', '192.168.1.6', 1534779542, 0x5f5f63695f6c6173745f726567656e65726174657c693a313533343737393334303b7573657269647c733a313a2231223b75736572736c75677c733a353a2261646d696e223b6e6f6d657c733a31313a2261646d696e2061646d696e223b656d61696c7c733a303a22223b70726f76696e73697c733a313a2230223b6b616275706174656e7c733a313a2230223b6176617461727c4e3b6c6576656c7c733a313a2231223b6c6f676765645f696e7c623a313b),
('d9rqjlbktoq40853hh5710utof98jm09', '192.168.1.6', 1534780150, 0x5f5f63695f6c6173745f726567656e65726174657c693a313533343738303030353b7573657269647c733a313a2231223b75736572736c75677c733a353a2261646d696e223b6e6f6d657c733a31313a2261646d696e2061646d696e223b656d61696c7c733a303a22223b70726f76696e73697c733a313a2230223b6b616275706174656e7c733a313a2230223b6176617461727c4e3b6c6576656c7c733a313a2231223b6c6f676765645f696e7c623a313b),
('3noenfnchin0c8d8bp2j2k0n4pb6d86b', '192.168.1.6', 1534780598, 0x5f5f63695f6c6173745f726567656e65726174657c693a313533343738303333353b7573657269647c733a313a2231223b75736572736c75677c733a353a2261646d696e223b6e6f6d657c733a31313a2261646d696e2061646d696e223b656d61696c7c733a303a22223b70726f76696e73697c733a313a2230223b6b616275706174656e7c733a313a2230223b6176617461727c4e3b6c6576656c7c733a313a2231223b6c6f676765645f696e7c623a313b),
('pu4sq04j89f7de80q7d1r5jal4mchetd', '192.168.1.6', 1534781086, 0x5f5f63695f6c6173745f726567656e65726174657c693a313533343738303830393b7573657269647c733a313a2231223b75736572736c75677c733a353a2261646d696e223b6e6f6d657c733a31313a2261646d696e2061646d696e223b656d61696c7c733a303a22223b70726f76696e73697c733a313a2230223b6b616275706174656e7c733a313a2230223b6176617461727c4e3b6c6576656c7c733a313a2231223b6c6f676765645f696e7c623a313b),
('j80ljo2g3odc4f9v70olefus3klq26oo', '192.168.1.6', 1534782064, 0x5f5f63695f6c6173745f726567656e65726174657c693a313533343738313738393b7573657269647c733a313a2231223b75736572736c75677c733a353a2261646d696e223b6e6f6d657c733a31313a2261646d696e2061646d696e223b656d61696c7c733a303a22223b70726f76696e73697c733a313a2230223b6b616275706174656e7c733a313a2230223b6176617461727c4e3b6c6576656c7c733a313a2231223b6c6f676765645f696e7c623a313b),
('25re8thr88c08joh19frre78d0btm67s', '192.168.1.6', 1534782374, 0x5f5f63695f6c6173745f726567656e65726174657c693a313533343738323130313b7573657269647c733a313a2231223b75736572736c75677c733a353a2261646d696e223b6e6f6d657c733a31313a2261646d696e2061646d696e223b656d61696c7c733a303a22223b70726f76696e73697c733a313a2230223b6b616275706174656e7c733a313a2230223b6176617461727c4e3b6c6576656c7c733a313a2231223b6c6f676765645f696e7c623a313b),
('o75nirh62pe8mcqmg696l1keiakt5tdm', '192.168.1.6', 1534783211, 0x5f5f63695f6c6173745f726567656e65726174657c693a313533343738333034383b7573657269647c733a313a2231223b75736572736c75677c733a353a2261646d696e223b6e6f6d657c733a31313a2261646d696e2061646d696e223b656d61696c7c733a303a22223b70726f76696e73697c733a313a2230223b6b616275706174656e7c733a313a2230223b6176617461727c4e3b6c6576656c7c733a313a2231223b6c6f676765645f696e7c623a313b),
('jfl73umnjfmqan677jva7gm8ktj9lqig', '192.168.1.6', 1534787673, 0x5f5f63695f6c6173745f726567656e65726174657c693a313533343738373434373b7573657269647c733a313a2231223b75736572736c75677c733a353a2261646d696e223b6e6f6d657c733a31313a2261646d696e2061646d696e223b656d61696c7c733a303a22223b70726f76696e73697c733a313a2230223b6b616275706174656e7c733a313a2230223b6176617461727c4e3b6c6576656c7c733a313a2231223b6c6f676765645f696e7c623a313b),
('rfjpeni1ca5uer07rg9078tp8nk99vpi', '192.168.1.6', 1534787862, 0x5f5f63695f6c6173745f726567656e65726174657c693a313533343738373739393b7573657269647c733a313a2231223b75736572736c75677c733a353a2261646d696e223b6e6f6d657c733a31313a2261646d696e2061646d696e223b656d61696c7c733a303a22223b70726f76696e73697c733a313a2230223b6b616275706174656e7c733a313a2230223b6176617461727c4e3b6c6576656c7c733a313a2231223b6c6f676765645f696e7c623a313b),
('29a2n2jah2f1qop8jtd7rpddl8dmv5mp', '192.168.1.6', 1534819463, 0x5f5f63695f6c6173745f726567656e65726174657c693a313533343831393136333b7573657269647c733a313a2231223b75736572736c75677c733a353a2261646d696e223b6e6f6d657c733a31313a2261646d696e2061646d696e223b656d61696c7c733a303a22223b70726f76696e73697c733a313a2230223b6b616275706174656e7c733a313a2230223b6176617461727c4e3b6c6576656c7c733a313a2231223b6c6f676765645f696e7c623a313b),
('shv0k6cbdal7kvc9ou916ne1onc13ig8', '192.168.1.6', 1534819477, 0x5f5f63695f6c6173745f726567656e65726174657c693a313533343831393436353b7573657269647c733a313a2231223b75736572736c75677c733a353a2261646d696e223b6e6f6d657c733a31313a2261646d696e2061646d696e223b656d61696c7c733a303a22223b70726f76696e73697c733a313a2230223b6b616275706174656e7c733a313a2230223b6176617461727c4e3b6c6576656c7c733a313a2231223b6c6f676765645f696e7c623a313b),
('1v3n4a3ohoa0nuudqg2thn2d5cmlk1kp', '192.168.1.6', 1534819471, 0x5f5f63695f6c6173745f726567656e65726174657c693a313533343831393437313b),
('0npdeoaqst4j482ora8vb32n9rc9a9m9', '192.168.1.6', 1534819471, 0x5f5f63695f6c6173745f726567656e65726174657c693a313533343831393437313b),
('7r1efp7ssl0oo18qvljfa29h9clb54me', '192.168.1.6', 1534819471, 0x5f5f63695f6c6173745f726567656e65726174657c693a313533343831393437313b),
('ov7p1ghrl49ofj3e0d7d3firnecn3tm7', '192.168.1.6', 1534819471, 0x5f5f63695f6c6173745f726567656e65726174657c693a313533343831393437313b),
('aa909pnif3busjmvnvmpu3v2oaf6nosf', '192.168.1.6', 1534819471, 0x5f5f63695f6c6173745f726567656e65726174657c693a313533343831393437313b),
('c87rb764231ng8f24b9os6jd9hk55d13', '192.168.1.6', 1534819471, 0x5f5f63695f6c6173745f726567656e65726174657c693a313533343831393437313b),
('7j8khpld6i5km611k6r77hbuu89bsfbn', '192.168.1.6', 1534819471, 0x5f5f63695f6c6173745f726567656e65726174657c693a313533343831393437313b),
('88ahvpmn9s9p2ea4pq5f8vo8qikujc34', '192.168.1.6', 1534819471, 0x5f5f63695f6c6173745f726567656e65726174657c693a313533343831393437313b),
('pu4l479r933debb7cf5d6jl7ld06d6fs', '192.168.1.6', 1534819809, 0x5f5f63695f6c6173745f726567656e65726174657c693a313533343831393531333b7573657269647c733a313a2231223b75736572736c75677c733a353a2261646d696e223b6e6f6d657c733a31313a2261646d696e2061646d696e223b656d61696c7c733a303a22223b70726f76696e73697c733a313a2230223b6b616275706174656e7c733a313a2230223b6176617461727c4e3b6c6576656c7c733a313a2231223b6c6f676765645f696e7c623a313b),
('d6umfg42v00i1ec2ifbepaagonl84gm0', '192.168.1.6', 1534820092, 0x5f5f63695f6c6173745f726567656e65726174657c693a313533343831393831343b7573657269647c733a313a2231223b75736572736c75677c733a353a2261646d696e223b6e6f6d657c733a31313a2261646d696e2061646d696e223b656d61696c7c733a303a22223b70726f76696e73697c733a313a2230223b6b616275706174656e7c733a313a2230223b6176617461727c4e3b6c6576656c7c733a313a2231223b6c6f676765645f696e7c623a313b),
('uaof9on2rteka2j66otqbsaeh55tutu1', '192.168.1.6', 1534820265, 0x5f5f63695f6c6173745f726567656e65726174657c693a313533343832303137363b7573657269647c733a313a2231223b75736572736c75677c733a353a2261646d696e223b6e6f6d657c733a31313a2261646d696e2061646d696e223b656d61696c7c733a303a22223b70726f76696e73697c733a313a2230223b6b616275706174656e7c733a313a2230223b6176617461727c4e3b6c6576656c7c733a313a2231223b6c6f676765645f696e7c623a313b),
('pffjtucvcc2g5gbl8o42aikfo1ploq4h', '192.168.1.6', 1534820567, 0x5f5f63695f6c6173745f726567656e65726174657c693a313533343832303331303b7573657269647c733a313a2231223b75736572736c75677c733a353a2261646d696e223b6e6f6d657c733a31313a2261646d696e2061646d696e223b656d61696c7c733a303a22223b70726f76696e73697c733a313a2230223b6b616275706174656e7c733a313a2230223b6176617461727c4e3b6c6576656c7c733a313a2231223b6c6f676765645f696e7c623a313b),
('c85fjshhnl01af3hujor7ctik1q9u98e', '192.168.1.6', 1534820596, 0x5f5f63695f6c6173745f726567656e65726174657c693a313533343832303538363b7573657269647c733a313a2231223b75736572736c75677c733a353a2261646d696e223b6e6f6d657c733a31313a2261646d696e2061646d696e223b656d61696c7c733a303a22223b70726f76696e73697c733a313a2230223b6b616275706174656e7c733a313a2230223b6176617461727c4e3b6c6576656c7c733a313a2231223b6c6f676765645f696e7c623a313b),
('9kl6ccovd2ckv6o4uoio61aul8hsl103', '192.168.1.6', 1534820713, 0x5f5f63695f6c6173745f726567656e65726174657c693a313533343832303638363b7573657269647c733a313a2231223b75736572736c75677c733a353a2261646d696e223b6e6f6d657c733a31313a2261646d696e2061646d696e223b656d61696c7c733a303a22223b70726f76696e73697c733a313a2230223b6b616275706174656e7c733a313a2230223b6176617461727c4e3b6c6576656c7c733a313a2231223b6c6f676765645f696e7c623a313b),
('msoou9oi2terg3mb055fq89bm74la02l', '192.168.1.6', 1534829019, 0x5f5f63695f6c6173745f726567656e65726174657c693a313533343832383733313b7573657269647c733a313a2231223b75736572736c75677c733a353a2261646d696e223b6e6f6d657c733a31313a2261646d696e2061646d696e223b656d61696c7c733a303a22223b70726f76696e73697c733a313a2230223b6b616275706174656e7c733a313a2230223b6176617461727c4e3b6c6576656c7c733a313a2231223b6c6f676765645f696e7c623a313b),
('8vchq0vj2t2un143tjgiufgl7jj3fn2j', '192.168.1.6', 1534832919, 0x5f5f63695f6c6173745f726567656e65726174657c693a313533343833323831313b7573657269647c733a313a2231223b75736572736c75677c733a353a2261646d696e223b6e6f6d657c733a31313a2261646d696e2061646d696e223b656d61696c7c733a303a22223b70726f76696e73697c733a313a2230223b6b616275706174656e7c733a313a2230223b6176617461727c4e3b6c6576656c7c733a313a2231223b6c6f676765645f696e7c623a313b),
('5uflr1scugg4r4t3jj459f38c5abgmk4', '192.168.1.6', 1535167664, 0x5f5f63695f6c6173745f726567656e65726174657c693a313533353136373635303b7573657269647c733a313a2231223b75736572736c75677c733a353a2261646d696e223b6e6f6d657c733a31313a2261646d696e2061646d696e223b656d61696c7c733a303a22223b70726f76696e73697c733a313a2230223b6b616275706174656e7c733a313a2230223b6176617461727c4e3b6c6576656c7c733a313a2231223b6c6f676765645f696e7c623a313b),
('rej8k1q0u3krj25qssns39kns0q6tt8u', '192.168.1.6', 1535169164, 0x5f5f63695f6c6173745f726567656e65726174657c693a313533353136383839383b7573657269647c733a313a2231223b75736572736c75677c733a353a2261646d696e223b6e6f6d657c733a31313a2261646d696e2061646d696e223b656d61696c7c733a303a22223b70726f76696e73697c733a313a2230223b6b616275706174656e7c733a313a2230223b6176617461727c4e3b6c6576656c7c733a313a2231223b6c6f676765645f696e7c623a313b),
('l3n0e0kj0npvq6otrmfikohse6lh5g8d', '192.168.1.6', 1535169539, 0x5f5f63695f6c6173745f726567656e65726174657c693a313533353136393233363b7573657269647c733a313a2231223b75736572736c75677c733a353a2261646d696e223b6e6f6d657c733a31313a2261646d696e2061646d696e223b656d61696c7c733a303a22223b70726f76696e73697c733a313a2230223b6b616275706174656e7c733a313a2230223b6176617461727c4e3b6c6576656c7c733a313a2231223b6c6f676765645f696e7c623a313b),
('do4pqh14hehkvkc43dd0vbbive5nb17d', '192.168.1.6', 1535170094, 0x5f5f63695f6c6173745f726567656e65726174657c693a313533353136393534303b7573657269647c733a313a2231223b75736572736c75677c733a353a2261646d696e223b6e6f6d657c733a31313a2261646d696e2061646d696e223b656d61696c7c733a303a22223b70726f76696e73697c733a313a2230223b6b616275706174656e7c733a313a2230223b6176617461727c4e3b6c6576656c7c733a313a2231223b6c6f676765645f696e7c623a313b),
('a7d408ru6fltg2cisn1u2g3te27oh61h', '192.168.1.6', 1535170368, 0x5f5f63695f6c6173745f726567656e65726174657c693a313533353137303039353b7573657269647c733a313a2231223b75736572736c75677c733a353a2261646d696e223b6e6f6d657c733a31313a2261646d696e2061646d696e223b656d61696c7c733a303a22223b70726f76696e73697c733a313a2230223b6b616275706174656e7c733a313a2230223b6176617461727c4e3b6c6576656c7c733a313a2231223b6c6f676765645f696e7c623a313b),
('3u179cnk17scs2qt4igq08l3vibbp4gb', '192.168.1.6', 1535170910, 0x5f5f63695f6c6173745f726567656e65726174657c693a313533353137303434313b7573657269647c733a313a2231223b75736572736c75677c733a353a2261646d696e223b6e6f6d657c733a31313a2261646d696e2061646d696e223b656d61696c7c733a303a22223b70726f76696e73697c733a313a2230223b6b616275706174656e7c733a313a2230223b6176617461727c4e3b6c6576656c7c733a313a2231223b6c6f676765645f696e7c623a313b),
('7o8s9htb7lpl8ah8dg47t7tf5q5kphhe', '192.168.1.6', 1535171616, 0x5f5f63695f6c6173745f726567656e65726174657c693a313533353137303931313b7573657269647c733a313a2231223b75736572736c75677c733a353a2261646d696e223b6e6f6d657c733a31313a2261646d696e2061646d696e223b656d61696c7c733a303a22223b70726f76696e73697c733a313a2230223b6b616275706174656e7c733a313a2230223b6176617461727c4e3b6c6576656c7c733a313a2231223b6c6f676765645f696e7c623a313b),
('1uvh0861pk8qgvp9q35ti7999ogkjk4d', '192.168.1.6', 1535171894, 0x5f5f63695f6c6173745f726567656e65726174657c693a313533353137313631373b7573657269647c733a313a2231223b75736572736c75677c733a353a2261646d696e223b6e6f6d657c733a31313a2261646d696e2061646d696e223b656d61696c7c733a303a22223b70726f76696e73697c733a313a2230223b6b616275706174656e7c733a313a2230223b6176617461727c4e3b6c6576656c7c733a313a2231223b6c6f676765645f696e7c623a313b),
('s35k3g5c86aik3nq9p7lo1uc9uq5db9t', '192.168.1.6', 1535172040, 0x5f5f63695f6c6173745f726567656e65726174657c693a313533353137313933353b7573657269647c733a313a2231223b75736572736c75677c733a353a2261646d696e223b6e6f6d657c733a31313a2261646d696e2061646d696e223b656d61696c7c733a303a22223b70726f76696e73697c733a313a2230223b6b616275706174656e7c733a313a2230223b6176617461727c4e3b6c6576656c7c733a313a2231223b6c6f676765645f696e7c623a313b),
('rvito3hlbog4oc8l89kqc9b1jtk46ddb', '192.168.1.14', 1535179574, 0x5f5f63695f6c6173745f726567656e65726174657c693a313533353137393536303b7573657269647c733a313a2231223b75736572736c75677c733a353a2261646d696e223b6e6f6d657c733a31313a2261646d696e2061646d696e223b656d61696c7c733a303a22223b70726f76696e73697c733a313a2230223b6b616275706174656e7c733a313a2230223b6176617461727c4e3b6c6576656c7c733a313a2231223b6c6f676765645f696e7c623a313b),
('c2dkhktuop9mgh10ha4781nqpfks91cq', '::1', 1535257298, 0x5f5f63695f6c6173745f726567656e65726174657c693a313533353235373231323b7573657269647c733a313a2231223b75736572736c75677c733a353a2261646d696e223b6e6f6d657c733a31313a2261646d696e2061646d696e223b656d61696c7c733a303a22223b70726f76696e73697c733a313a2230223b6b616275706174656e7c733a313a2230223b6176617461727c4e3b6c6576656c7c733a313a2231223b6c6f676765645f696e7c623a313b),
('3nfeds8q2fj466np7urvp7jmqu5agfn6', '::1', 1535267777, 0x5f5f63695f6c6173745f726567656e65726174657c693a313533353236373737373b7573657269647c733a313a2231223b75736572736c75677c733a353a2261646d696e223b6e6f6d657c733a31313a2261646d696e2061646d696e223b656d61696c7c733a303a22223b70726f76696e73697c733a313a2230223b6b616275706174656e7c733a313a2230223b6176617461727c4e3b6c6576656c7c733a313a2231223b6c6f676765645f696e7c623a313b),
('1b97ethog783igmig3kj7oo6f1cjgjhc', '::1', 1535270345, 0x5f5f63695f6c6173745f726567656e65726174657c693a313533353237303334353b7573657269647c733a313a2231223b75736572736c75677c733a353a2261646d696e223b6e6f6d657c733a31313a2261646d696e2061646d696e223b656d61696c7c733a303a22223b70726f76696e73697c733a313a2230223b6b616275706174656e7c733a313a2230223b6176617461727c4e3b6c6576656c7c733a313a2231223b6c6f676765645f696e7c623a313b),
('8d4eet70sshkt7lk20m9sjpl8dcpnhmm', '::1', 1535270706, 0x5f5f63695f6c6173745f726567656e65726174657c693a313533353237303730363b7573657269647c733a313a2231223b75736572736c75677c733a353a2261646d696e223b6e6f6d657c733a31313a2261646d696e2061646d696e223b656d61696c7c733a303a22223b70726f76696e73697c733a313a2230223b6b616275706174656e7c733a313a2230223b6176617461727c4e3b6c6576656c7c733a313a2231223b6c6f676765645f696e7c623a313b),
('f75m7sjst9k2ihk29kcj6of3hkr6g1e3', '::1', 1535271051, 0x5f5f63695f6c6173745f726567656e65726174657c693a313533353237313035313b7573657269647c733a313a2231223b75736572736c75677c733a353a2261646d696e223b6e6f6d657c733a31313a2261646d696e2061646d696e223b656d61696c7c733a303a22223b70726f76696e73697c733a313a2230223b6b616275706174656e7c733a313a2230223b6176617461727c4e3b6c6576656c7c733a313a2231223b6c6f676765645f696e7c623a313b),
('cvqgt7depsh9ilpamb85b5jljhguep8f', '::1', 1535276181, 0x5f5f63695f6c6173745f726567656e65726174657c693a313533353237363138313b7573657269647c733a313a2231223b75736572736c75677c733a353a2261646d696e223b6e6f6d657c733a31313a2261646d696e2061646d696e223b656d61696c7c733a303a22223b70726f76696e73697c733a313a2230223b6b616275706174656e7c733a313a2230223b6176617461727c4e3b6c6576656c7c733a313a2231223b6c6f676765645f696e7c623a313b),
('g2oeic4thp2q8iihrv0ikk3ma4lb1km6', '::1', 1535276568, 0x5f5f63695f6c6173745f726567656e65726174657c693a313533353237363536383b7573657269647c733a313a2231223b75736572736c75677c733a353a2261646d696e223b6e6f6d657c733a31313a2261646d696e2061646d696e223b656d61696c7c733a303a22223b70726f76696e73697c733a313a2230223b6b616275706174656e7c733a313a2230223b6176617461727c4e3b6c6576656c7c733a313a2231223b6c6f676765645f696e7c623a313b),
('fk0gkiksoj8i7ba5dts1bdf5nmcdvrua', '::1', 1535278304, 0x5f5f63695f6c6173745f726567656e65726174657c693a313533353237383330343b7573657269647c733a313a2231223b75736572736c75677c733a353a2261646d696e223b6e6f6d657c733a31313a2261646d696e2061646d696e223b656d61696c7c733a303a22223b70726f76696e73697c733a313a2230223b6b616275706174656e7c733a313a2230223b6176617461727c4e3b6c6576656c7c733a313a2231223b6c6f676765645f696e7c623a313b),
('hshbolr268d98jsjf19k6trj8ojssh1s', '::1', 1535281509, 0x5f5f63695f6c6173745f726567656e65726174657c693a313533353238313530393b7573657269647c733a313a2231223b75736572736c75677c733a353a2261646d696e223b6e6f6d657c733a31313a2261646d696e2061646d696e223b656d61696c7c733a303a22223b70726f76696e73697c733a313a2230223b6b616275706174656e7c733a313a2230223b6176617461727c4e3b6c6576656c7c733a313a2231223b6c6f676765645f696e7c623a313b),
('o63svkh426smp39g70o0jrmu4p07qa9i', '::1', 1535281690, 0x5f5f63695f6c6173745f726567656e65726174657c693a313533353238313530393b7573657269647c733a313a2231223b75736572736c75677c733a353a2261646d696e223b6e6f6d657c733a31313a2261646d696e2061646d696e223b656d61696c7c733a303a22223b70726f76696e73697c733a313a2230223b6b616275706174656e7c733a313a2230223b6176617461727c4e3b6c6576656c7c733a313a2231223b6c6f676765645f696e7c623a313b);

-- --------------------------------------------------------

--
-- Table structure for table `data_performa`
--

CREATE TABLE `data_performa` (
  `id` bigint(20) NOT NULL,
  `id_prov` varchar(20) NOT NULL,
  `tahun` int(11) NOT NULL,
  `pl` int(11) NOT NULL,
  `ip` double NOT NULL,
  `area` double NOT NULL
) ENGINE=InnoDB DEFAULT CHARSET=latin1;

-- --------------------------------------------------------

--
-- Table structure for table `data_tutupan`
--

CREATE TABLE `data_tutupan` (
  `id` bigint(20) UNSIGNED NOT NULL,
  `id_prov` varchar(20) NOT NULL,
  `tahun` int(20) NOT NULL,
  `pl` int(20) NOT NULL,
  `area` double NOT NULL
) ENGINE=InnoDB DEFAULT CHARSET=latin1;

-- --------------------------------------------------------

--
-- Table structure for table `koef_c`
--

CREATE TABLE `koef_c` (
  `id` bigint(20) NOT NULL,
  `pl` int(11) NOT NULL,
  `tutupan` text NOT NULL,
  `c` float NOT NULL
) ENGINE=InnoDB DEFAULT CHARSET=latin1;

--
-- Dumping data for table `koef_c`
--

INSERT INTO `koef_c` (`id`, `pl`, `tutupan`, `c`) VALUES
(0, 2001, 'Hutan Primer ', 0.1),
(0, 2002, 'Hutan Sekunder', 0.25),
(0, 2004, 'Hutan Mangrove Primer', 0),
(0, 2005, 'Hutan Rawa Primer', 0),
(0, 2006, 'Hutan Tanaman', 0.45),
(0, 2007, 'Semak Belukar', 0.4),
(0, 2010, 'Perkebunan', 0.45),
(0, 2012, 'Pemukiman', 0.8),
(0, 2014, 'Tanah Terbuka', 0.8),
(0, 2500, 'Tertutup Awan', 0),
(0, 3000, 'Padang rumput', 0.2),
(0, 5001, 'Tubuh Air', 0),
(0, 20041, 'Hutan Mangrove Sekunder', 0),
(0, 20051, 'Hutan Rawa Sekunder', 0),
(0, 20071, 'Semak Belukar Rawa', 0),
(0, 20091, 'Lahan Pertanian Kering', 0.75),
(0, 20092, 'Lahan Pertanian Kering Campur', 0.75),
(0, 20093, 'Sawah', 0.1),
(0, 20094, 'Tambak', 0),
(0, 20121, 'Pelabuhan udara/laut', 0.8),
(0, 20122, 'Transmitrasi', 0),
(0, 20141, 'Pertambangan', 0.8),
(0, 50011, 'Rawa', 0);

-- --------------------------------------------------------

--
-- Table structure for table `options`
--

CREATE TABLE `options` (
  `option_id` int(11) NOT NULL,
  `option_name` varchar(20) NOT NULL,
  `option_value` text CHARACTER SET utf8 COLLATE utf8_unicode_ci
) ENGINE=InnoDB DEFAULT CHARSET=latin1;

--
-- Dumping data for table `options`
--

INSERT INTO `options` (`option_id`, `option_name`, `option_value`) VALUES
(1, 'appname', 'Perhitungan IKTL'),
(2, 'appdescription', 'Perhitungan IKTL'),
(4, 'appusernophoto', 'https://cdn4.iconfinder.com/data/icons/linecon/512/photo-128.png'),
(5, 'appmailserver_url', 'mail.psilva.pt'),
(6, 'appmailserver_login', 'email@domain.com'),
(7, 'appmailserver_pass', 'password'),
(8, 'appmailserver_port', '25'),
(9, 'appgoogleanalytics', 'UA-70343048-1'),
(10, 'appstoryapproval', '0'),
(11, 'appadv', '1'),
(12, 'appadvimgurl', 'http://labs.psilva.pt/sharen/images/pub.png'),
(13, 'appadvtitle', ''),
(14, 'appadvsubtitle', 'Email Marketing'),
(15, 'appadvlink', '#'),
(16, 'appcarousel', '1'),
(17, 'applayout', '3'),
(18, 'applogo', 'logo.png'),
(19, 'applogoretina', NULL),
(20, 'appgads', '0'),
(21, 'appgadscode', NULL),
(22, 'appgadslot', NULL),
(23, 'appgadswidth', NULL),
(24, 'appgadsheight', NULL),
(25, 'appcolorbgheader', '#ffffff'),
(26, 'appcolorbodytext', '#888888'),
(27, 'appcolortitlescolor', '#80b500'),
(28, 'appcolornewstitles', '#1a1d23'),
(29, 'appcolorbgfooter', '#1a1d23'),
(30, 'appcolorfootertitles', '#80b500'),
(31, 'appcolorfootertext', '#80b500'),
(32, 'appcolorfooterlinks', '#80b500'),
(33, 'appcolorbuttonsbg', '#80b500'),
(34, 'appcolorbuttonstext', '#FFFFFF'),
(35, 'appcolorbuttonsbghov', '#80b500'),
(36, 'appcolorbuttonstexth', '#FFFFFF'),
(37, 'appfacebookurl', 'https://www.facebook.com/jombang'),
(38, 'apptwitterurl', '#'),
(39, 'appyoutubeurl', '#'),
(40, 'appvimeourl', '#'),
(41, 'appinstagramurl', '#'),
(42, 'apptitleleftcolumn', 'Apps IKTL'),
(43, 'appleftcontent', '<p>Aplikasi IKTL </p>'),
(44, 'appfootercopy', 'Copyright © 2018'),
(45, 'appfavicon', 'favicon.png'),
(46, 'appadvarea1', '<div style=\"background-color:#292d41;\">\n                    <div style=\"width:100%;min-height:70px;padding-top:12px;text-align:center;color:#FFF;\">\n                        Advertising area<br />\n                        <small style=\"color:#67b9b5;\">Use html code, image, adsense, etc.</small>\n                    </div>    \n\n                </div>'),
(47, 'appauthor', NULL),
(48, 'appkeywords', NULL),
(49, 'appadmiddlepost', '0'),
(50, 'appslidertype', 'Recent'),
(51, 'appslideruser', NULL),
(52, 'appsliderlimit', '1'),
(53, 'apppostauthor', '0'),
(54, 'appadscode', '<script>test</script>'),
(55, 'appadsidebar', '3'),
(56, 'appfbcommentsenable', '0'),
(57, 'appuserrank', '1'),
(58, 'appuserranklike', '10'),
(59, 'appadscodehome', ''),
(60, 'externalarticle', 'blank'),
(61, 'appnewsletter', ''),
(62, 'mailchimpurl', ''),
(63, 'appvoteadd', '1'),
(64, 'apppostanon', '0'),
(65, 'apppostanonuser', NULL);

-- --------------------------------------------------------

--
-- Table structure for table `rekap`
--

CREATE TABLE `rekap` (
  `id` bigint(20) NOT NULL,
  `id_prov` varchar(20) NOT NULL,
  `tahun` int(11) NOT NULL,
  `ith` float NOT NULL,
  `ikt` float NOT NULL,
  `iph` float NOT NULL,
  `ikh` float NOT NULL,
  `ika` float NOT NULL,
  `iktl` float NOT NULL
) ENGINE=InnoDB DEFAULT CHARSET=latin1;

--
-- Dumping data for table `rekap`
--

INSERT INTO `rekap` (`id`, `id_prov`, `tahun`, `ith`, `ikt`, `iph`, `ikh`, `ika`, `iktl`) VALUES
(1, '11', 2016, 73.2101, 79.71, 50.6444, 56.6656, 59.4017, 66.3838),
(2, '19', 2016, 35.3528, 69.3103, 49.2635, 11.3238, 25.0331, 45.3343),
(3, '51', 2016, 39.0582, 68.8003, 49.977, 31.6528, 28.5606, 48.4404),
(4, '36', 2016, 37.3265, 67.7545, 50.0953, 27.343, 18.3179, 45.9063),
(5, '17', 2016, 53.8481, 69.4652, 50.0163, 47.5002, 48.4822, 56.3072),
(6, '34', 2016, 32.7424, 61.158, 50, 23.6902, 18.0271, 42.4886),
(7, '31', 2016, 22.8642, 54.9354, 50, 25.378, 0.762125, 35.971),
(8, '75', 2016, 75.4206, 77.3372, 50.0206, 57.015, 69.7471, 67.5632),
(9, '32', 2016, 38.2358, 67.8313, 49.7745, 21.3681, 21.9984, 46.0919),
(10, '15', 2016, 47.7536, 67.6137, 45.6782, 36.7397, 19.566, 48.2081),
(11, '33', 2016, 59.3787, 63.1219, 50.0624, 31.8552, 44.9091, 53.8612),
(12, '35', 2016, 41.517, 80.629, 49.921, 42.0004, 39.4009, 54.99),
(13, '61', 2016, 58.4286, 73.5249, 48.9569, 49.3631, 51.0539, 58.8664),
(14, '63', 2016, 44.0288, 71.5463, 49.8553, 22.5554, 35.5843, 50.6378),
(15, '62', 2016, 68.1655, 81.2635, 46.704, 46.8799, 47.9053, 62.248),
(16, '64', 2016, 82.1555, 83.9373, 49.8828, 75, 66.6061, 72.1405),
(17, '21', 2016, 52.9281, 74.2177, 49.8432, 18.1954, 59.0629, 56.533),
(18, '18', 2016, 30.7322, 63.0755, 49.8836, 24.8292, 11.0766, 41.6597),
(19, '81', 2016, 82.5458, 80.0583, 49.9136, 42.7229, 75.033, 69.5669),
(20, '82', 2016, 82.9173, 77.4303, 49.8432, 41.836, 69.9244, 68.0339),
(21, '52', 2016, 60.1759, 78.1089, 50.079, 35.4573, 53.0812, 60.0337),
(22, '53', 2016, 61.105, 78.571, 49.8975, 23.7055, 55.2948, 59.6723),
(23, '91', 2016, 91.6527, 92.0374, 49.9841, 80, 80.0584, 79.1705),
(24, '92', 2016, 95.057, 90.6221, 49.9084, 80, 83.2779, 79.9847),
(25, '14', 2016, 46.3021, 70.8381, 42.9098, 29.1484, 32.7985, 49.4514),
(26, '76', 2016, 67.2216, 75.4674, 49.8777, 45.9823, 59.7977, 62.6914),
(27, '73', 2016, 50.7334, 75.473, 49.9284, 34.7149, 42.6007, 55.4338),
(28, '72', 2016, 81.4094, 80.8871, 49.6478, 44.7133, 70.7247, 69.033),
(29, '74', 2016, 71.2346, 78.9455, 49.8506, 45.7373, 65.6254, 65.4833),
(30, '71', 2016, 57.9538, 69.5929, 49.1763, 46.1899, 55.0112, 57.9332),
(31, '13', 2016, 64.6833, 73.854, 50.0574, 32.5603, 42.1273, 57.9695),
(32, '16', 2016, 35.0814, 68.7987, 41.5873, 23.6639, 22.2604, 43.9289),
(33, '12', 2016, 45.5902, 67.6451, 50.6984, 27.0022, 34.2311, 50.2111),
(34, '11', 2015, 73.3829, 80.413, 49.8749, 57.4963, 59.4031, 66.5218),
(35, '19', 2015, 36.5078, 70.2291, 44.8117, 12.8867, 26.4656, 45.1562),
(36, '51', 2015, 39.0978, 71.4882, 49.7756, 31.8062, 28.7114, 49.2428),
(37, '36', 2015, 37.4775, 69.6952, 47.2749, 27.2586, 18.4476, 45.8627),
(38, '17', 2015, 54.6175, 69.4708, 49.9016, 48.4719, 49.3723, 56.6712),
(39, '34', 2015, 32.7672, 62.837, 49.9551, 25.7924, 18.0355, 43.1663),
(40, '31', 2015, 22.8642, 55.3165, 39.8599, 25.378, 0.762125, 33.6675),
(41, '75', 2015, 76.7609, 77.5952, 49.9715, 59.5905, 70.677, 68.2925),
(42, '32', 2015, 38.0169, 68.8963, 49.5915, 21.5279, 21.6869, 46.2853),
(43, '15', 2015, 47.8636, 67.7851, 49.8505, 36.5312, 20.2041, 49.3547),
(44, '33', 2015, 49.5782, 72.5936, 49.885, 42.7715, 45.2514, 55.3554),
(45, '35', 2015, 48.8337, 73.9681, 48.0601, 33.0919, 39.8903, 53.5661),
(46, '61', 2015, 58.867, 73.831, 49.8091, 49.2487, 51.1762, 59.2713),
(47, '63', 2015, 45.3584, 71.0006, 49.764, 22.891, 36.5536, 50.9299),
(48, '62', 2015, 69.5945, 84.4106, 49.9061, 47.4083, 50.3014, 64.6791),
(49, '64', 2015, 82.7844, 84.2385, 49.6245, 75, 66.808, 72.3446),
(50, '21', 2015, 53.0769, 74.8712, 38.5942, 19.5569, 59.0997, 54.2018),
(51, '18', 2015, 31.1651, 64.337, 48.8645, 26.2807, 11.1806, 42.0334),
(52, '81', 2015, 82.6633, 81.5147, 50.0192, 42.9602, 75.1616, 70.095),
(53, '82', 2015, 83.3057, 77.7219, 49.9874, 42.4287, 70.138, 68.327),
(54, '52', 2015, 60.5983, 77.9521, 49.9464, 35.7643, 53.3036, 60.1113),
(55, '53', 2015, 61.3751, 79.6988, 49.953, 24.5057, 55.5186, 60.1866),
(56, '91', 2015, 91.8995, 92.4395, 50.033, 80, 80.1489, 79.3732),
(57, '92', 2015, 94.9166, 90.9463, 50.013, 80, 83.3177, 80.08),
(58, '14', 2015, 49.6443, 72.2897, 48.067, 34.1427, 35.1951, 52.6619),
(59, '76', 2015, 67.3963, 76.175, 50.113, 45.9775, 59.898, 63.0144),
(60, '73', 2015, 51.0126, 75.4024, 49.8722, 35.1376, 43.0703, 55.5677),
(61, '72', 2015, 81.7958, 80.3061, 50.2039, 45.7998, 70.9913, 69.2114),
(62, '74', 2015, 71.4738, 77.5444, 50.0019, 46.2247, 65.8437, 65.2274),
(63, '71', 2015, 58.2703, 69.5285, 50.0108, 46.7219, 55.315, 58.2753),
(64, '13', 2015, 65.0159, 73.9583, 49.5927, 33.2378, 42.3825, 58.0615),
(65, '16', 2015, 38.191, 70.4964, 49.6343, 30.0929, 24.313, 47.9197),
(66, '12', 2015, 45.9287, 68.0087, 49.7359, 28.0247, 34.5823, 50.3065),
(67, '11', 2017, 75.2555, 81.8614, 49.4035, 59.0674, 61.4719, 65.7695),
(68, '12', 2017, 45.7796, 69.6833, 49.709, 27.6845, 43.4203, 50.112),
(69, '13', 2017, 64.2027, 74.8956, 49.4765, 37.1513, 46.6881, 57.1766),
(70, '14', 2017, 49.1663, 75.3706, 49.5868, 42.8408, 43.9533, 53.5708),
(71, '15', 2017, 48.6852, 73.6628, 49.6174, 41.1719, 37.3472, 51.8655),
(72, '16', 2017, 38.2314, 70.8214, 49.8467, 28.6134, 38.8216, 47.8268),
(73, '17', 2017, 52.6884, 70.6688, 49.6042, 55.3271, 48.7661, 55.3137),
(74, '18', 2017, 31.209, 64.4106, 49.9014, 24.7991, 34.3973, 43.6283),
(75, '19', 2017, 34.8963, 66.7659, 49.8147, 21.9393, 39.1059, 45.563),
(76, '21', 2017, 51.6389, 73.7187, 49.6546, 22.2509, 60.2057, 54.7123),
(77, '31', 2017, 22.7927, 53.4477, 49.9985, 5.64035, 28.9141, 36.5952),
(78, '32', 2017, 38.328, 68.8953, 49.8275, 9.77342, 38.1321, 45.6763),
(79, '33', 2017, 43.3841, 71.5491, 49.7, 9.21233, 42.9939, 48.2341),
(80, '34', 2017, 36.0265, 62.3538, 49.567, 5.88562, 40.7479, 43.6917),
(81, '35', 2017, 49.8124, 73.5783, 49.7105, 10.2798, 46.7554, 51.0033),
(82, '36', 2017, 38.6725, 68.3475, 49.8246, 16.0822, 37.4491, 46.0809),
(83, '51', 2017, 37.3903, 68.1355, 49.8074, 35.6011, 39.4006, 47.7232),
(84, '52', 2017, 65.2712, 77.5644, 49.5773, 39.4657, 57.591, 60.0319),
(85, '53', 2017, 56.41, 77.2743, 49.6159, 24.1272, 52.878, 55.6441),
(86, '61', 2017, 57.3242, 73.8693, 49.5313, 64.746, 51.0158, 58.3421),
(87, '62', 2017, 67.8368, 82.3599, 49.4208, 55.0742, 49.9562, 61.7885),
(88, '63', 2017, 44.4729, 74.1163, 49.7097, 21.5579, 43.6564, 50.2504),
(89, '64', 2017, 75.053, 81.5947, 49.3979, 64.3812, 64.1244, 66.5536),
(90, '65', 2017, 99.2247, 88.7708, 49.0955, 72.2201, 75.7606, 76.6959),
(91, '71', 2017, 57.3507, 69.7859, 49.5609, 56.2684, 55.5036, 57.465),
(92, '72', 2017, 80.1673, 81.207, 49.305, 47.0019, 71.3192, 67.393),
(93, '73', 2017, 50.0467, 75.0654, 49.6777, 47.2517, 47.1189, 54.6517),
(94, '74', 2017, 70.5318, 78.3554, 49.4379, 54.5576, 66.3504, 64.2308),
(95, '75', 2017, 75.2458, 77.6735, 49.3539, 56.5213, 71.0942, 66.1913),
(96, '76', 2017, 66.715, 75.6448, 49.4701, 42.8089, 60.5578, 60.7235),
(97, '81', 2017, 80.9769, 81.1492, 49.36, 48.5667, 75.1329, 68.3577),
(98, '82', 2017, 78.9472, 76.328, 49.3244, 42.3443, 68.5284, 65.1721),
(99, '92', 2017, 104.042, 90.6104, 49.1135, 58.2374, 84.1836, 78.4705),
(100, '91', 2017, 95.235, 91.5928, 49.1891, 57.9382, 80.6381, 75.8816);

-- --------------------------------------------------------

--
-- Table structure for table `tbl_tutupan`
--

CREATE TABLE `tbl_tutupan` (
  `id` bigint(20) NOT NULL,
  `tanggal` date NOT NULL,
  `input_date` timestamp NOT NULL DEFAULT CURRENT_TIMESTAMP,
  `validated` int(11) NOT NULL DEFAULT '0',
  `user_lv` int(11) NOT NULL,
  `lokasi` text NOT NULL,
  `file` text NOT NULL,
  `raw_name` text NOT NULL,
  `deskripsi` text
) ENGINE=InnoDB DEFAULT CHARSET=latin1;

--
-- Dumping data for table `tbl_tutupan`
--

INSERT INTO `tbl_tutupan` (`id`, `tanggal`, `input_date`, `validated`, `user_lv`, `lokasi`, `file`, `raw_name`, `deskripsi`) VALUES
(17, '2018-08-24', '2018-08-25 04:01:41', 0, 1, '/var/www/html/iktl/upload/admin_aceh_WGS.zip', 'admin_aceh_WGS.zip', '', 'admin'),
(18, '2018-12-12', '2018-08-25 04:40:33', 0, 1, '/var/www/html/iktl/upload/admin_aceh_WGS1.zip', 'admin_aceh_WGS1.zip', '', 'test'),
(19, '2018-12-12', '2018-08-25 04:40:40', 0, 1, '/var/www/html/iktl/upload/admin_aceh_WGS2.zip', 'admin_aceh_WGS2.zip', '', 'test');

-- --------------------------------------------------------

--
-- Table structure for table `users`
--

CREATE TABLE `users` (
  `user_id` int(8) NOT NULL,
  `user_name` varchar(30) CHARACTER SET utf8 COLLATE utf8_unicode_ci DEFAULT NULL,
  `user_lastname` varchar(30) CHARACTER SET utf8 COLLATE utf8_unicode_ci DEFAULT NULL,
  `user_pass` char(64) NOT NULL,
  `user_salt` char(16) NOT NULL,
  `user_email` varchar(255) NOT NULL,
  `hp` varchar(12) NOT NULL,
  `user_date` timestamp NOT NULL DEFAULT CURRENT_TIMESTAMP ON UPDATE CURRENT_TIMESTAMP,
  `user_level` int(8) NOT NULL DEFAULT '0',
  `user_avatar` varchar(50) DEFAULT NULL,
  `user_slug` text,
  `provinsi` varchar(11) NOT NULL,
  `kabupaten` varchar(11) NOT NULL
) ENGINE=InnoDB DEFAULT CHARSET=latin1;

--
-- Dumping data for table `users`
--

INSERT INTO `users` (`user_id`, `user_name`, `user_lastname`, `user_pass`, `user_salt`, `user_email`, `hp`, `user_date`, `user_level`, `user_avatar`, `user_slug`, `provinsi`, `kabupaten`) VALUES
(1, 'admin', 'admin', '41ee7bbc6ad301f942a5bef638d0e325bc6877a484ccab44d3da935eefdf0193', '532bb1644764b77f', '', '', '2018-05-26 15:53:07', 1, NULL, 'admin', '0', '0'),
(2, 'alvin', 'alvin', 'd0b99e1aea645a10448b889ba4df14a26141f687ac23d82f4be9defaa33b8c8e', '3327e608d10d4d1', '', '', '2018-08-16 18:23:16', 3, NULL, 'alvin', '33', '35.17'),
(3, 'adminprov', 'adminprov', '41ee7bbc6ad301f942a5bef638d0e325bc6877a484ccab44d3da935eefdf0193', '532bb1644764b77f', '', '', '2018-08-13 06:34:23', 3, NULL, 'adminprov', '35', '0'),
(4, 'lapprov', 'lapprov', '41ee7bbc6ad301f942a5bef638d0e325bc6877a484ccab44d3da935eefdf0193', '532bb1644764b77f', '', '', '2018-08-13 04:47:27', 4, NULL, 'lapprov', '35', '0'),
(5, 'aceh', 'aceh', 'c3d72b88579a64ad9616fbbd3fba4c10a7a65082e97fb2c93e7f71c1e048e275', '6daa28bf4cc0ebba', '', '', '2018-08-12 11:36:39', 2, NULL, 'aceh', '11', ''),
(6, 'Udin', 'Sedunia', 'b033927ff087d4af54d5d49168ba2dded0a621d70b03685f843058ebfe258667', '7b4e4479c66357f', '', '', '2018-08-16 12:54:42', 3, NULL, 'adminjabar', '32', ''),
(7, 'ptgs', 'jmb', '6cd6fcee5d921e7b570beca0b8caba5a84818294d8faa17c2abcc0777258f290', '3086293b500c6ab7', '', '', '2018-08-17 12:29:43', 4, NULL, 'ptgs_jombang', '35', '');

-- --------------------------------------------------------

--
-- Table structure for table `wilayah`
--

CREATE TABLE `wilayah` (
  `kode` varchar(13) NOT NULL,
  `nama` varchar(100) DEFAULT NULL
) ENGINE=MyISAM DEFAULT CHARSET=utf8;

--
-- Dumping data for table `wilayah`
--

INSERT INTO `wilayah` (`kode`, `nama`) VALUES
('11', 'ACEH'),
('11.01', 'KAB. ACEH SELATAN'),
('11.02', 'KAB. ACEH TENGGARA'),
('11.03', 'KAB. ACEH TIMUR'),
('11.04', 'KAB. ACEH TENGAH'),
('11.05', 'KAB. ACEH BARAT'),
('11.06', 'KAB. ACEH BESAR'),
('11.07', 'KAB. PIDIE'),
('11.08', 'KAB. ACEH UTARA'),
('11.09', 'KAB. SIMEULUE'),
('11.10', 'KAB. ACEH SINGKIL'),
('11.11', 'KAB. BIREUEN'),
('11.12', 'KAB. ACEH BARAT DAYA'),
('11.13', 'KAB. GAYO LUES'),
('11.14', 'KAB. ACEH JAYA'),
('11.15', 'KAB. NAGAN RAYA'),
('11.16', 'KAB. ACEH TAMIANG'),
('11.17', 'KAB. BENER MERIAH'),
('11.18', 'KAB. PIDIE JAYA'),
('11.71', 'KOTA BANDA ACEH'),
('11.72', 'KOTA SABANG'),
('11.73', 'KOTA LHOKSEUMAWE'),
('11.74', 'KOTA LANGSA'),
('11.75', 'KOTA SUBULUSSALAM'),
('12', 'SUMATERA UTARA'),
('12.01', 'KAB. TAPANULI TENGAH'),
('12.02', 'KAB. TAPANULI UTARA'),
('12.03', 'KAB. TAPANULI SELATAN'),
('12.04', 'KAB. NIAS'),
('12.05', 'KAB. LANGKAT'),
('12.06', 'KAB. KARO'),
('12.07', 'KAB. DELI SERDANG'),
('12.08', 'KAB. SIMALUNGUN'),
('12.09', 'KAB. ASAHAN'),
('12.10', 'KAB. LABUHANBATU'),
('12.11', 'KAB. DAIRI'),
('12.12', 'KAB. TOBA SAMOSIR'),
('12.13', 'KAB. MANDAILING NATAL'),
('12.14', 'KAB. NIAS SELATAN'),
('12.15', 'KAB. PAKPAK BHARAT'),
('12.16', 'KAB. HUMBANG HASUNDUTAN'),
('12.17', 'KAB. SAMOSIR'),
('12.18', 'KAB. SERDANG BEDAGAI'),
('12.19', 'KAB. BATU BARA'),
('12.20', 'KAB. PADANG LAWAS UTARA'),
('12.21', 'KAB. PADANG LAWAS'),
('12.22', 'KAB. LABUHANBATU SELATAN'),
('12.23', 'KAB. LABUHANBATU UTARA'),
('12.24', 'KAB. NIAS UTARA'),
('12.25', 'KAB. NIAS BARAT'),
('12.71', 'KOTA MEDAN'),
('12.72', 'KOTA PEMATANGSIANTAR'),
('12.73', 'KOTA SIBOLGA'),
('12.74', 'KOTA TANJUNG BALAI'),
('12.75', 'KOTA BINJAI'),
('12.76', 'KOTA TEBING TINGGI'),
('12.77', 'KOTA PADANGSIDIMPUAN'),
('12.78', 'KOTA GUNUNGSITOLI'),
('13', 'SUMATERA BARAT'),
('13.01', 'KAB. PESISIR SELATAN'),
('13.02', 'KAB. SOLOK'),
('13.03', 'KAB. SIJUNJUNG'),
('13.04', 'KAB. TANAH DATAR'),
('13.05', 'KAB. PADANG PARIAMAN'),
('13.06', 'KAB. AGAM'),
('13.07', 'KAB. LIMA PULUH KOTA'),
('13.08', 'KAB. PASAMAN'),
('13.09', 'KAB. KEPULAUAN MENTAWAI'),
('13.10', 'KAB. DHARMASRAYA'),
('13.11', 'KAB. SOLOK SELATAN'),
('13.12', 'KAB. PASAMAN BARAT'),
('13.71', 'KOTA PADANG'),
('13.72', 'KOTA SOLOK'),
('13.73', 'KOTA SAWAHLUNTO'),
('13.74', 'KOTA PADANG PANJANG'),
('13.75', 'KOTA BUKITTINGGI'),
('13.76', 'KOTA PAYAKUMBUH'),
('13.77', 'KOTA PARIAMAN'),
('14', 'RIAU'),
('14.01', 'KAB. KAMPAR'),
('14.02', 'KAB. INDRAGIRI HULU'),
('14.03', 'KAB. BENGKALIS'),
('14.04', 'KAB. INDRAGIRI HILIR'),
('14.05', 'KAB. PELALAWAN'),
('14.06', 'KAB. ROKAN HULU'),
('14.07', 'KAB. ROKAN HILIR'),
('14.08', 'KAB. SIAK'),
('14.09', 'KAB. KUANTAN SINGINGI'),
('14.10', 'KAB. KEPULAUAN MERANTI'),
('14.71', 'KOTA PEKANBARU'),
('14.72', 'KOTA DUMAI'),
('15', 'JAMBI'),
('15.01', 'KAB. KERINCI'),
('15.02', 'KAB. MERANGIN'),
('15.03', 'KAB. SAROLANGUN'),
('15.04', 'KAB. BATANGHARI'),
('15.05', 'KAB. MUARO JAMBI'),
('15.06', 'KAB. TANJUNG JABUNG BARAT'),
('15.07', 'KAB. TANJUNG JABUNG TIMUR'),
('15.08', 'KAB. BUNGO'),
('15.09', 'KAB. TEBO'),
('15.71', 'KOTA JAMBI'),
('15.72', 'KOTA SUNGAI PENUH'),
('16', 'SUMATERA SELATAN'),
('16.01', 'KAB. OGAN KOMERING ULU'),
('16.02', 'KAB. OGAN KOMERING ILIR'),
('16.03', 'KAB. MUARA ENIM'),
('16.04', 'KAB. LAHAT'),
('16.05', 'KAB. MUSI RAWAS'),
('16.06', 'KAB. MUSI BANYUASIN'),
('16.07', 'KAB. BANYUASIN'),
('16.08', 'KAB. OGAN KOMERING ULU TIMUR'),
('16.09', 'KAB. OGAN KOMERING ULU SELATAN'),
('16.10', 'KAB. OGAN ILIR'),
('16.11', 'KAB. EMPAT LAWANG'),
('16.12', 'KAB. PENUKAL ABAB LEMATANG ILIR'),
('16.13', 'KAB. MUSI RAWAS UTARA'),
('16.71', 'KOTA PALEMBANG'),
('16.72', 'KOTA PAGAR ALAM'),
('16.73', 'KOTA LUBUK LINGGAU'),
('16.74', 'KOTA PRABUMULIH'),
('17', 'BENGKULU'),
('17.01', 'KAB. BENGKULU SELATAN'),
('17.02', 'KAB. REJANG LEBONG'),
('17.03', 'KAB. BENGKULU UTARA'),
('17.04', 'KAB. KAUR'),
('17.05', 'KAB. SELUMA'),
('17.06', 'KAB. MUKO MUKO'),
('17.07', 'KAB. LEBONG'),
('17.08', 'KAB. KEPAHIANG'),
('17.09', 'KAB. BENGKULU TENGAH'),
('17.71', 'KOTA BENGKULU'),
('18', 'LAMPUNG'),
('18.01', 'KAB. LAMPUNG SELATAN'),
('18.02', 'KAB. LAMPUNG TENGAH'),
('18.03', 'KAB. LAMPUNG UTARA'),
('18.04', 'KAB. LAMPUNG BARAT'),
('18.05', 'KAB. TULANG BAWANG'),
('18.06', 'KAB. TANGGAMUS'),
('18.07', 'KAB. LAMPUNG TIMUR'),
('18.08', 'KAB. WAY KANAN'),
('18.09', 'KAB. PESAWARAN'),
('18.10', 'KAB. PRINGSEWU'),
('18.11', 'KAB. MESUJI'),
('18.12', 'KAB. TULANG BAWANG BARAT'),
('18.13', 'KAB. PESISIR BARAT'),
('18.71', 'KOTA BANDAR LAMPUNG'),
('18.72', 'KOTA METRO'),
('19', 'KEPULAUAN BANGKA BELITUNG'),
('19.01', 'KAB. BANGKA'),
('19.02', 'KAB. BELITUNG'),
('19.03', 'KAB. BANGKA SELATAN'),
('19.04', 'KAB. BANGKA TENGAH'),
('19.05', 'KAB. BANGKA BARAT'),
('19.06', 'KAB. BELITUNG TIMUR'),
('19.71', 'KOTA PANGKAL PINANG'),
('21', 'KEPULAUAN RIAU'),
('21.01', 'KAB. BINTAN'),
('21.02', 'KAB. KARIMUN'),
('21.03', 'KAB. NATUNA'),
('21.04', 'KAB. LINGGA'),
('21.05', 'KAB. KEPULAUAN ANAMBAS'),
('21.71', 'KOTA BATAM'),
('21.72', 'KOTA TANJUNG PINANG'),
('31', 'DKI JAKARTA'),
('31.01', 'KAB. ADM. KEP. SERIBU'),
('31.71', 'KOTA ADM. JAKARTA PUSAT'),
('31.72', 'KOTA ADM. JAKARTA UTARA'),
('31.73', 'KOTA ADM. JAKARTA BARAT'),
('31.74', 'KOTA ADM. JAKARTA SELATAN'),
('31.75', 'KOTA ADM. JAKARTA TIMUR'),
('32', 'JAWA BARAT'),
('32.01', 'KAB. BOGOR'),
('32.02', 'KAB. SUKABUMI'),
('32.03', 'KAB. CIANJUR'),
('32.04', 'KAB. BANDUNG'),
('32.05', 'KAB. GARUT'),
('32.06', 'KAB. TASIKMALAYA'),
('32.07', 'KAB. CIAMIS'),
('32.08', 'KAB. KUNINGAN'),
('32.09', 'KAB. CIREBON'),
('32.10', 'KAB. MAJALENGKA'),
('32.11', 'KAB. SUMEDANG'),
('32.12', 'KAB. INDRAMAYU'),
('32.13', 'KAB. SUBANG'),
('32.14', 'KAB. PURWAKARTA'),
('32.15', 'KAB. KARAWANG'),
('32.16', 'KAB. BEKASI'),
('32.17', 'KAB. BANDUNG BARAT'),
('32.18', 'KAB. PANGANDARAN'),
('32.71', 'KOTA BOGOR'),
('32.72', 'KOTA SUKABUMI'),
('32.73', 'KOTA BANDUNG'),
('32.74', 'KOTA CIREBON'),
('32.75', 'KOTA BEKASI'),
('32.76', 'KOTA DEPOK'),
('32.77', 'KOTA CIMAHI'),
('32.78', 'KOTA TASIKMALAYA'),
('32.79', 'KOTA BANJAR'),
('33', 'JAWA TENGAH'),
('33.01', 'KAB. CILACAP'),
('33.02', 'KAB. BANYUMAS'),
('33.03', 'KAB. PURBALINGGA'),
('33.04', 'KAB. BANJARNEGARA'),
('33.05', 'KAB. KEBUMEN'),
('33.06', 'KAB. PURWOREJO'),
('33.07', 'KAB. WONOSOBO'),
('33.08', 'KAB. MAGELANG'),
('33.09', 'KAB. BOYOLALI'),
('33.10', 'KAB. KLATEN'),
('33.11', 'KAB. SUKOHARJO'),
('33.12', 'KAB. WONOGIRI'),
('33.13', 'KAB. KARANGANYAR'),
('33.14', 'KAB. SRAGEN'),
('33.15', 'KAB. GROBOGAN'),
('33.16', 'KAB. BLORA'),
('33.17', 'KAB. REMBANG'),
('33.18', 'KAB. PATI'),
('33.19', 'KAB. KUDUS'),
('33.20', 'KAB. JEPARA'),
('33.21', 'KAB. DEMAK'),
('33.22', 'KAB. SEMARANG'),
('33.23', 'KAB. TEMANGGUNG'),
('33.24', 'KAB. KENDAL'),
('33.25', 'KAB. BATANG'),
('33.26', 'KAB. PEKALONGAN'),
('33.27', 'KAB. PEMALANG'),
('33.28', 'KAB. TEGAL'),
('33.29', 'KAB. BREBES'),
('33.71', 'KOTA MAGELANG'),
('33.72', 'KOTA SURAKARTA'),
('33.73', 'KOTA SALATIGA'),
('33.74', 'KOTA SEMARANG'),
('33.75', 'KOTA PEKALONGAN'),
('33.76', 'KOTA TEGAL'),
('34', 'DAERAH ISTIMEWA YOGYAKARTA'),
('34.01', 'KAB. KULON PROGO'),
('34.02', 'KAB. BANTUL'),
('34.03', 'KAB. GUNUNGKIDUL'),
('34.04', 'KAB. SLEMAN'),
('34.71', 'KOTA YOGYAKARTA'),
('35', 'JAWA TIMUR'),
('35.01', 'KAB. PACITAN'),
('35.02', 'KAB. PONOROGO'),
('35.03', 'KAB. TRENGGALEK'),
('35.04', 'KAB. TULUNGAGUNG'),
('35.05', 'KAB. BLITAR'),
('35.06', 'KAB. KEDIRI'),
('35.07', 'KAB. MALANG'),
('35.08', 'KAB. LUMAJANG'),
('35.09', 'KAB. JEMBER'),
('35.10', 'KAB. BANYUWANGI'),
('35.11', 'KAB. BONDOWOSO'),
('35.12', 'KAB. SITUBONDO'),
('35.13', 'KAB. PROBOLINGGO'),
('35.14', 'KAB. PASURUAN'),
('35.15', 'KAB. SIDOARJO'),
('35.16', 'KAB. MOJOKERTO'),
('35.17', 'KAB. JOMBANG'),
('35.18', 'KAB. NGANJUK'),
('35.19', 'KAB. MADIUN'),
('35.20', 'KAB. MAGETAN'),
('35.21', 'KAB. NGAWI'),
('35.22', 'KAB. BOJONEGORO'),
('35.23', 'KAB. TUBAN'),
('35.24', 'KAB. LAMONGAN'),
('35.25', 'KAB. GRESIK'),
('35.26', 'KAB. BANGKALAN'),
('35.27', 'KAB. SAMPANG'),
('35.28', 'KAB. PAMEKASAN'),
('35.29', 'KAB. SUMENEP'),
('35.71', 'KOTA KEDIRI'),
('35.72', 'KOTA BLITAR'),
('35.73', 'KOTA MALANG'),
('35.74', 'KOTA PROBOLINGGO'),
('35.75', 'KOTA PASURUAN'),
('35.76', 'KOTA MOJOKERTO'),
('35.77', 'KOTA MADIUN'),
('35.78', 'KOTA SURABAYA'),
('35.79', 'KOTA BATU'),
('36', 'BANTEN'),
('36.01', 'KAB. PANDEGLANG'),
('36.02', 'KAB. LEBAK'),
('36.03', 'KAB. TANGERANG'),
('36.04', 'KAB. SERANG'),
('36.71', 'KOTA TANGERANG'),
('36.72', 'KOTA CILEGON'),
('36.73', 'KOTA SERANG'),
('36.74', 'KOTA TANGERANG SELATAN'),
('51', 'BALI'),
('51.01', 'KAB. JEMBRANA'),
('51.02', 'KAB. TABANAN'),
('51.03', 'KAB. BADUNG'),
('51.04', 'KAB. GIANYAR'),
('51.05', 'KAB. KLUNGKUNG'),
('51.06', 'KAB. BANGLI'),
('51.07', 'KAB. KARANGASEM'),
('51.08', 'KAB. BULELENG'),
('51.71', 'KOTA DENPASAR'),
('52', 'NUSA TENGGARA BARAT'),
('52.01', 'KAB. LOMBOK BARAT'),
('52.02', 'KAB. LOMBOK TENGAH'),
('52.03', 'KAB. LOMBOK TIMUR'),
('52.04', 'KAB. SUMBAWA'),
('52.05', 'KAB. DOMPU'),
('52.06', 'KAB. BIMA'),
('52.07', 'KAB. SUMBAWA BARAT'),
('52.08', 'KAB. LOMBOK UTARA'),
('52.71', 'KOTA MATARAM'),
('52.72', 'KOTA BIMA'),
('53', 'NUSA TENGGARA TIMUR'),
('53.01', 'KAB. KUPANG'),
('53.02', 'KAB TIMOR TENGAH SELATAN'),
('53.03', 'KAB. TIMOR TENGAH UTARA'),
('53.04', 'KAB. BELU'),
('53.05', 'KAB. ALOR'),
('53.06', 'KAB. FLORES TIMUR'),
('53.07', 'KAB. SIKKA'),
('53.08', 'KAB. ENDE'),
('53.09', 'KAB. NGADA'),
('53.10', 'KAB. MANGGARAI'),
('53.11', 'KAB. SUMBA TIMUR'),
('53.12', 'KAB. SUMBA BARAT'),
('53.13', 'KAB. LEMBATA'),
('53.14', 'KAB. ROTE NDAO'),
('53.15', 'KAB. MANGGARAI BARAT'),
('53.16', 'KAB. NAGEKEO'),
('53.17', 'KAB. SUMBA TENGAH'),
('53.18', 'KAB. SUMBA BARAT DAYA'),
('53.19', 'KAB. MANGGARAI TIMUR'),
('53.20', 'KAB. SABU RAIJUA'),
('53.21', 'KAB. MALAKA'),
('53.71', 'KOTA KUPANG'),
('61', 'KALIMANTAN BARAT'),
('61.01', 'KAB. SAMBAS'),
('61.02', 'KAB. MEMPAWAH'),
('61.03', 'KAB. SANGGAU'),
('61.04', 'KAB. KETAPANG'),
('61.05', 'KAB. SINTANG'),
('61.06', 'KAB. KAPUAS HULU'),
('61.07', 'KAB. BENGKAYANG'),
('61.08', 'KAB. LANDAK'),
('61.09', 'KAB. SEKADAU'),
('61.10', 'KAB. MELAWI'),
('61.11', 'KAB. KAYONG UTARA'),
('61.12', 'KAB. KUBU RAYA'),
('61.71', 'KOTA PONTIANAK'),
('61.72', 'KOTA SINGKAWANG'),
('92', 'PAPUA BARAT'),
('92.01', 'KAB. SORONG'),
('92.02', 'KAB. MANOKWARI'),
('92.03', 'KAB. FAK FAK'),
('92.04', 'KAB. SORONG SELATAN'),
('92.05', 'KAB. RAJA AMPAT'),
('92.06', 'KAB. TELUK BINTUNI'),
('92.07', 'KAB. TELUK WONDAMA'),
('92.08', 'KAB. KAIMANA'),
('92.09', 'KAB. TAMBRAUW'),
('92.10', 'KAB. MAYBRAT'),
('92.11', 'KAB. MANOKWARI SELATAN'),
('92.12', 'KAB. PEGUNUNGAN ARFAK'),
('92.71', 'KOTA SORONG'),
('62', 'KALIMANTAN TENGAH'),
('62.01', 'KAB. KOTAWARINGIN BARAT'),
('62.02', 'KAB. KOTAWARINGIN TIMUR'),
('62.03', 'KAB. KAPUAS'),
('62.04', 'KAB. BARITO SELATAN'),
('62.05', 'KAB. BARITO UTARA'),
('62.06', 'KAB. KATINGAN'),
('62.07', 'KAB. SERUYAN'),
('62.08', 'KAB. SUKAMARA'),
('62.09', 'KAB. LAMANDAU'),
('62.10', 'KAB. GUNUNG MAS'),
('62.11', 'KAB. PULANG PISAU'),
('62.12', 'KAB. MURUNG RAYA'),
('62.13', 'KAB. BARITO TIMUR'),
('62.71', 'KOTA PALANGKARAYA'),
('63', 'KALIMANTAN SELATAN'),
('63.01', 'KAB. TANAH LAUT'),
('63.02', 'KAB. KOTABARU'),
('63.03', 'KAB. BANJAR'),
('63.04', 'KAB. BARITO KUALA'),
('63.05', 'KAB. TAPIN'),
('63.06', 'KAB. HULU SUNGAI SELATAN'),
('63.07', 'KAB. HULU SUNGAI TENGAH'),
('63.08', 'KAB. HULU SUNGAI UTARA'),
('63.09', 'KAB. TABALONG'),
('63.10', 'KAB. TANAH BUMBU'),
('63.11', 'KAB. BALANGAN'),
('63.71', 'KOTA BANJARMASIN'),
('63.72', 'KOTA BANJARBARU'),
('64', 'KALIMANTAN TIMUR'),
('64.01', 'KAB. PASER'),
('64.02', 'KAB. KUTAI KARTANEGARA'),
('64.03', 'KAB. BERAU'),
('64.07', 'KAB. KUTAI BARAT'),
('64.08', 'KAB. KUTAI TIMUR'),
('64.09', 'KAB. PENAJAM PASER UTARA'),
('64.11', 'KAB. MAHAKAM ULU'),
('64.71', 'KOTA BALIKPAPAN'),
('64.72', 'KOTA SAMARINDA'),
('64.74', 'KOTA BONTANG'),
('65', 'KALIMANTAN UTARA'),
('65.01', 'KAB. BULUNGAN'),
('65.02', 'KAB. MALINAU'),
('65.03', 'KAB. NUNUKAN'),
('65.04', 'KAB. TANA TIDUNG'),
('65.71', 'KOTA TARAKAN'),
('71', 'SULAWESI UTARA'),
('71.01', 'KAB. BOLAANG MONGONDOW'),
('71.02', 'KAB. MINAHASA'),
('71.03', 'KAB. KEPULAUAN SANGIHE'),
('71.04', 'KAB. KEPULAUAN TALAUD'),
('71.05', 'KAB. MINAHASA SELATAN'),
('71.06', 'KAB. MINAHASA UTARA'),
('71.07', 'KAB. MINAHASA TENGGARA'),
('71.08', 'KAB. BOLAANG MONGONDOW UTARA'),
('71.09', 'KAB. KEP. SIAU TAGULANDANG BIARO'),
('71.10', 'KAB. BOLAANG MONGONDOW TIMUR'),
('71.11', 'KAB. BOLAANG MONGONDOW SELATAN'),
('71.71', 'KOTA MANADO'),
('71.72', 'KOTA BITUNG'),
('71.73', 'KOTA TOMOHON'),
('71.74', 'KOTA KOTAMOBAGU'),
('72', 'SULAWESI TENGAH'),
('72.01', 'KAB. BANGGAI'),
('72.02', 'KAB. POSO'),
('72.03', 'KAB. DONGGALA'),
('72.04', 'KAB. TOLI TOLI'),
('72.05', 'KAB. BUOL'),
('72.06', 'KAB. MOROWALI'),
('72.07', 'KAB. BANGGAI KEPULAUAN'),
('72.08', 'KAB. PARIGI MOUTONG'),
('72.09', 'KAB. TOJO UNA UNA'),
('72.10', 'KAB. SIGI'),
('72.11', 'KAB. BANGGAI LAUT'),
('72.12', 'KAB. MOROWALI UTARA'),
('72.71', 'KOTA PALU'),
('73', 'SULAWESI SELATAN'),
('73.01', 'KAB. KEPULAUAN SELAYAR'),
('73.02', 'KAB. BULUKUMBA'),
('73.03', 'KAB. BANTAENG'),
('73.04', 'KAB. JENEPONTO'),
('73.05', 'KAB. TAKALAR'),
('73.06', 'KAB. GOWA'),
('73.07', 'KAB. SINJAI'),
('73.08', 'KAB. BONE'),
('73.09', 'KAB. MAROS'),
('73.10', 'KAB. PANGKAJENE KEPULAUAN'),
('73.11', 'KAB. BARRU'),
('73.12', 'KAB. SOPPENG'),
('73.13', 'KAB. WAJO'),
('73.14', 'KAB. SIDENRENG RAPPANG'),
('73.15', 'KAB. PINRANG'),
('73.16', 'KAB. ENREKANG'),
('73.17', 'KAB. LUWU'),
('73.18', 'KAB. TANA TORAJA'),
('73.22', 'KAB. LUWU UTARA'),
('73.24', 'KAB. LUWU TIMUR'),
('73.26', 'KAB. TORAJA UTARA'),
('73.71', 'KOTA MAKASSAR'),
('73.72', 'KOTA PARE PARE'),
('73.73', 'KOTA PALOPO'),
('74', 'SULAWESI TENGGARA'),
('74.01', 'KAB. KOLAKA'),
('74.02', 'KAB. KONAWE'),
('74.03', 'KAB. MUNA'),
('74.04', 'KAB. BUTON'),
('74.05', 'KAB. KONAWE SELATAN'),
('74.06', 'KAB. BOMBANA'),
('74.07', 'KAB. WAKATOBI'),
('74.08', 'KAB. KOLAKA UTARA'),
('74.09', 'KAB. KONAWE UTARA'),
('74.10', 'KAB. BUTON UTARA'),
('74.11', 'KAB. KOLAKA TIMUR'),
('74.12', 'KAB. KONAWE KEPULAUAN'),
('74.13', 'KAB. MUNA BARAT'),
('74.14', 'KAB. BUTON TENGAH'),
('74.15', 'KAB. BUTON SELATAN'),
('74.71', 'KOTA KENDARI'),
('74.72', 'KOTA BAU BAU'),
('75', 'GORONTALO'),
('75.01', 'KAB. GORONTALO'),
('75.02', 'KAB. BOALEMO'),
('75.03', 'KAB. BONE BOLANGO'),
('75.04', 'KAB. PAHUWATO'),
('75.05', 'KAB. GORONTALO UTARA'),
('75.71', 'KOTA GORONTALO'),
('76', 'SULAWESI BARAT'),
('76.01', 'KAB. MAMUJU UTARA'),
('76.02', 'KAB. MAMUJU'),
('76.03', 'KAB. MAMASA'),
('76.04', 'KAB. POLEWALI MANDAR'),
('76.05', 'KAB. MAJENE'),
('76.06', 'KAB. MAMUJU TENGAH'),
('81', 'MALUKU'),
('81.01', 'KAB. MALUKU TENGAH'),
('81.02', 'KAB. MALUKU TENGGARA'),
('81.03', 'KAB. MALUKU TENGGARA BARAT'),
('81.04', 'KAB. BURU'),
('81.05', 'KAB. SERAM BAGIAN TIMUR'),
('81.06', 'KAB. SERAM BAGIAN BARAT'),
('81.07', 'KAB. KEPULAUAN ARU'),
('81.08', 'KAB. MALUKU BARAT DAYA'),
('81.09', 'KAB. BURU SELATAN'),
('81.71', 'KOTA AMBON'),
('81.72', 'KOTA TUAL'),
('82', 'MALUKU UTARA'),
('82.01', 'KAB. HALMAHERA BARAT'),
('82.02', 'KAB. HALMAHERA TENGAH'),
('82.03', 'KAB. HALMAHERA UTARA'),
('82.04', 'KAB. HALMAHERA SELATAN'),
('82.05', 'KAB. KEPULAUAN SULA'),
('82.06', 'KAB. HALMAHERA TIMUR'),
('82.07', 'KAB. PULAU MOROTAI'),
('82.08', 'KAB. PULAU TALIABU'),
('82.71', 'KOTA TERNATE'),
('82.72', 'KOTA TIDORE KEPULAUAN'),
('91', 'P A P U A'),
('91.01', 'KAB. MERAUKE'),
('91.02', 'KAB. JAYAWIJAYA'),
('91.03', 'KAB. JAYAPURA'),
('91.04', 'KAB. NABIRE'),
('91.05', 'KAB. KEPULAUAN YAPEN'),
('91.06', 'KAB. BIAK NUMFOR'),
('91.07', 'KAB. PUNCAK JAYA'),
('91.08', 'KAB. PANIAI'),
('91.09', 'KAB. MIMIKA'),
('91.10', 'KAB. SARMI'),
('91.11', 'KAB. KEEROM'),
('91.12', 'KAB. PEGUNUNGAN BINTANG'),
('91.13', 'KAB. YAHUKIMO'),
('91.14', 'KAB. TOLIKARA'),
('91.15', 'KAB. WAROPEN'),
('91.16', 'KAB. BOVEN DIGOEL'),
('91.17', 'KAB. MAPPI'),
('91.18', 'KAB. ASMAT'),
('91.19', 'KAB. SUPIORI'),
('91.20', 'KAB. MAMBERAMO RAYA'),
('91.21', 'KAB. MAMBERAMO TENGAH'),
('91.22', 'KAB. YALIMO'),
('91.23', 'KAB. LANNY JAYA'),
('91.24', 'KAB. NDUGA'),
('91.25', 'KAB. PUNCAK'),
('91.26', 'KAB. DOGIYAI'),
('91.27', 'KAB. INTAN JAYA'),
('91.28', 'KAB. DEIYAI'),
('91.71', 'KOTA JAYAPURA'),
('0', 'Nasional');

--
-- Indexes for dumped tables
--

--
-- Indexes for table `ci_sessions`
--
ALTER TABLE `ci_sessions`
  ADD KEY `ci_sessions_timestamp` (`timestamp`);

--
-- Indexes for table `data_performa`
--
ALTER TABLE `data_performa`
  ADD PRIMARY KEY (`id`);

--
-- Indexes for table `data_tutupan`
--
ALTER TABLE `data_tutupan`
  ADD PRIMARY KEY (`id`);

--
-- Indexes for table `options`
--
ALTER TABLE `options`
  ADD PRIMARY KEY (`option_id`);

--
-- Indexes for table `rekap`
--
ALTER TABLE `rekap`
  ADD PRIMARY KEY (`id`);

--
-- Indexes for table `tbl_tutupan`
--
ALTER TABLE `tbl_tutupan`
  ADD PRIMARY KEY (`id`);

--
-- Indexes for table `users`
--
ALTER TABLE `users`
  ADD PRIMARY KEY (`user_id`);

--
-- AUTO_INCREMENT for dumped tables
--

--
-- AUTO_INCREMENT for table `data_performa`
--
ALTER TABLE `data_performa`
  MODIFY `id` bigint(20) NOT NULL AUTO_INCREMENT;
--
-- AUTO_INCREMENT for table `data_tutupan`
--
ALTER TABLE `data_tutupan`
  MODIFY `id` bigint(20) UNSIGNED NOT NULL AUTO_INCREMENT;
--
-- AUTO_INCREMENT for table `options`
--
ALTER TABLE `options`
  MODIFY `option_id` int(11) NOT NULL AUTO_INCREMENT, AUTO_INCREMENT=66;
--
-- AUTO_INCREMENT for table `rekap`
--
ALTER TABLE `rekap`
  MODIFY `id` bigint(20) NOT NULL AUTO_INCREMENT, AUTO_INCREMENT=101;
--
-- AUTO_INCREMENT for table `tbl_tutupan`
--
ALTER TABLE `tbl_tutupan`
  MODIFY `id` bigint(20) NOT NULL AUTO_INCREMENT, AUTO_INCREMENT=20;
--
-- AUTO_INCREMENT for table `users`
--
ALTER TABLE `users`
  MODIFY `user_id` int(8) NOT NULL AUTO_INCREMENT, AUTO_INCREMENT=8;COMMIT;

/*!40101 SET CHARACTER_SET_CLIENT=@OLD_CHARACTER_SET_CLIENT */;
/*!40101 SET CHARACTER_SET_RESULTS=@OLD_CHARACTER_SET_RESULTS */;
/*!40101 SET COLLATION_CONNECTION=@OLD_COLLATION_CONNECTION */;
